{
  "mode": "calibration",
  "created_at": "2026-05-31T05:12:21.214Z",
  "proofPlacement": {
    "ownerSignature": {
      "page": 2,
      "x": 72,
      "y": 538,
      "width": 380,
      "height": 28
    },
    "ownerPrintedName": {
      "page": 2,
      "x": 72,
      "y": 490,
      "width": 250,
      "height": 22
    },
    "ownerDate": {
      "page": 2,
      "x": 280,
      "y": 418,
      "width": 90,
      "height": 22
    }
  },
  "fieldTools": {
    "ownerSignature": {
      "kind": "signer",
      "label": "Sign here"
    },
    "ownerPrintedName": {
      "kind": "signer",
      "label": "Full name"
    },
    "ownerDate": {
      "kind": "signer",
      "label": "Date signed"
    }
  },
  "pdfPageSize": {
    "width": 612,
    "height": 792
  },
  "pageElements": [
    {
      "pageNumber": 1,
      "top": 85,
      "left": 146.5625,
      "width": 711.859375,
      "height": 915.921875,
      "bottom": 1000.921875,
      "right": 858.421875,
      "scrollTop": 85,
      "index": 0
    },
    {
      "pageNumber": null,
      "top": 95.921875,
      "left": 168.421875,
      "width": 668.125,
      "height": 866.046875,
      "bottom": 961.96875,
      "right": 836.546875,
      "scrollTop": 95.921875,
      "index": 1
    },
    {
      "pageNumber": 2,
      "top": 1000.921875,
      "left": 146.5625,
      "width": 711.859375,
      "height": 887.921875,
      "bottom": 1888.84375,
      "right": 858.421875,
      "scrollTop": 1000.921875,
      "index": 2
    },
    {
      "pageNumber": null,
      "top": 1011.84375,
      "left": 168.421875,
      "width": 668.125,
      "height": 866.046875,
      "bottom": 1877.890625,
      "right": 836.546875,
      "scrollTop": 1011.84375,
      "index": 3
    }
  ],
  "placementResults": [
    {
      "fieldName": "ownerSignature",
      "placement": {
        "page": 2,
        "x": 72,
        "y": 538,
        "width": 380,
        "height": 28
      },
      "pageRect": {
        "pageNumber": 2,
        "top": 84.921875,
        "left": 146.5625,
        "width": 711.859375,
        "height": 887.921875,
        "bottom": 972.84375,
        "right": 858.421875,
        "scrollTop": 84.921875,
        "index": 2
      },
      "viewport": {
        "left": 230.31066176470588,
        "top": 380.366779003268,
        "right": 672.3148488562092,
        "bottom": 412.9355085784314,
        "centerX": 451.31275531045753,
        "centerY": 396.6511437908497,
        "scale": 1.1631689133986929
      },
      "tool": {
        "kind": "signer",
        "label": "Sign here"
      }
    },
    {
      "fieldName": "ownerPrintedName",
      "placement": {
        "page": 2,
        "x": 72,
        "y": 490,
        "width": 250,
        "height": 22
      },
      "pageRect": {
        "pageNumber": 2,
        "top": 84.921875,
        "left": 146.5625,
        "width": 711.859375,
        "height": 887.921875,
        "bottom": 972.84375,
        "right": 858.421875,
        "scrollTop": 84.921875,
        "index": 2
      },
      "viewport": {
        "left": 230.31066176470588,
        "top": 436.19888684640523,
        "right": 521.1028901143791,
        "bottom": 461.7886029411765,
        "centerX": 375.70677593954247,
        "centerY": 448.99374489379085,
        "scale": 1.1631689133986929
      },
      "tool": {
        "kind": "signer",
        "label": "Full name"
      }
    },
    {
      "fieldName": "ownerDate",
      "placement": {
        "page": 2,
        "x": 280,
        "y": 418,
        "width": 90,
        "height": 22
      },
      "pageRect": {
        "pageNumber": 2,
        "top": 84.921875,
        "left": 146.5625,
        "width": 711.859375,
        "height": 887.921875,
        "bottom": 972.84375,
        "right": 858.421875,
        "scrollTop": 84.921875,
        "index": 2
      },
      "viewport": {
        "left": 472.249795751634,
        "top": 519.9470486111111,
        "right": 576.9349979575163,
        "bottom": 545.5367647058824,
        "centerX": 524.5923968545752,
        "centerY": 532.7419066584968,
        "scale": 1.1631689133986929
      },
      "tool": {
        "kind": "signer",
        "label": "Date signed"
      }
    }
  ],
  "notes": "Adjust proofPlacement coordinates in automation/ahjs/configs/proof.config.js and rerun until fields align with page 2 execution block."
}