{
  "proofPlacement": {
    "ownerSignature": {
      "page": 2,
      "x": -160,
      "y": 590,
      "width": 320,
      "height": 28
    }
  },
  "placementResults": [
    {
      "fieldName": "ownerSignature",
      "result": {
        "placement": {
          "page": 2,
          "x": -160,
          "y": 590,
          "width": 320,
          "height": 28
        },
        "pageRect": {
          "pageNumber": 2,
          "top": 84.921875,
          "left": 146.5625,
          "width": 711.859375,
          "height": 887.921875,
          "bottom": 972.84375,
          "right": 858.421875,
          "scrollTop": 84.921875,
          "index": 2
        },
        "viewport": {
          "left": -39.54452614379085,
          "top": 319.881995506536,
          "right": 332.66952614379085,
          "bottom": 352.4507250816994,
          "centerX": 146.5625,
          "centerY": 336.1663602941177,
          "scale": 1.1631689133986929
        },
        "tool": {
          "kind": "signer",
          "label": "Sign here"
        }
      }
    }
  ]
}