{
  "mode": "calibration",
  "created_at": "2026-05-31T05:18:37.951Z",
  "proofPlacement": {
    "ownerSignature": {
      "page": 2,
      "x": 10,
      "y": 585,
      "width": 320,
      "height": 28
    }
  },
  "fieldTools": {
    "ownerSignature": {
      "kind": "signer",
      "label": "Sign here"
    }
  },
  "pdfPageSize": {
    "width": 612,
    "height": 792
  },
  "pageElements": [
    {
      "pageNumber": 1,
      "top": 85,
      "left": 146.5625,
      "width": 711.859375,
      "height": 915.921875,
      "bottom": 1000.921875,
      "right": 858.421875,
      "scrollTop": 85,
      "index": 0
    },
    {
      "pageNumber": null,
      "top": 95.921875,
      "left": 168.421875,
      "width": 668.125,
      "height": 866.046875,
      "bottom": 961.96875,
      "right": 836.546875,
      "scrollTop": 95.921875,
      "index": 1
    },
    {
      "pageNumber": 2,
      "top": 1000.921875,
      "left": 146.5625,
      "width": 711.859375,
      "height": 887.921875,
      "bottom": 1888.84375,
      "right": 858.421875,
      "scrollTop": 1000.921875,
      "index": 2
    },
    {
      "pageNumber": null,
      "top": 1011.84375,
      "left": 168.421875,
      "width": 668.125,
      "height": 866.046875,
      "bottom": 1877.890625,
      "right": 836.546875,
      "scrollTop": 1011.84375,
      "index": 3
    }
  ],
  "placementResults": [
    {
      "fieldName": "ownerSignature",
      "placement": {
        "page": 2,
        "x": 10,
        "y": 585,
        "width": 320,
        "height": 28
      },
      "pageRect": {
        "pageNumber": 2,
        "top": 84.921875,
        "left": 146.5625,
        "width": 711.859375,
        "height": 887.921875,
        "bottom": 972.84375,
        "right": 858.421875,
        "scrollTop": 84.921875,
        "index": 2
      },
      "viewport": {
        "left": 158.19418913398692,
        "top": 325.6978400735294,
        "right": 530.4082414215686,
        "bottom": 358.26656964869284,
        "centerX": 344.3012152777778,
        "centerY": 341.98220486111114,
        "scale": 1.1631689133986929
      },
      "tool": {
        "kind": "signer",
        "label": "Sign here"
      }
    }
  ],
  "notes": "Adjust proofPlacement coordinates in automation/ahjs/configs/proof.config.js and rerun until fields align with page 2 execution block."
}