{
  "mode": "calibration",
  "created_at": "2026-05-31T05:09:40.424Z",
  "proofPlacement": {
    "ownerSignature": {
      "page": 2,
      "x": 72,
      "y": 538,
      "width": 380,
      "height": 28
    },
    "ownerPrintedName": {
      "page": 2,
      "x": 72,
      "y": 496,
      "width": 214,
      "height": 22
    },
    "ownerDate": {
      "page": 2,
      "x": 124,
      "y": 410,
      "width": 100,
      "height": 22
    }
  },
  "fieldTools": {
    "ownerSignature": {
      "kind": "signer",
      "label": "Sign here"
    },
    "ownerPrintedName": {
      "kind": "signer",
      "label": "Full name"
    },
    "ownerDate": {
      "kind": "signer",
      "label": "Date signed"
    }
  },
  "pdfPageSize": {
    "width": 612,
    "height": 792
  },
  "pageElements": [
    {
      "pageNumber": 1,
      "top": 85,
      "left": 146.5625,
      "width": 711.859375,
      "height": 915.921875,
      "bottom": 1000.921875,
      "right": 858.421875,
      "scrollTop": 85,
      "index": 0
    },
    {
      "pageNumber": null,
      "top": 95.921875,
      "left": 168.421875,
      "width": 668.125,
      "height": 866.046875,
      "bottom": 961.96875,
      "right": 836.546875,
      "scrollTop": 95.921875,
      "index": 1
    },
    {
      "pageNumber": 2,
      "top": 1000.921875,
      "left": 146.5625,
      "width": 711.859375,
      "height": 887.921875,
      "bottom": 1888.84375,
      "right": 858.421875,
      "scrollTop": 1000.921875,
      "index": 2
    },
    {
      "pageNumber": null,
      "top": 1011.84375,
      "left": 168.421875,
      "width": 668.125,
      "height": 866.046875,
      "bottom": 1877.890625,
      "right": 836.546875,
      "scrollTop": 1011.84375,
      "index": 3
    }
  ],
  "placementResults": [
    {
      "fieldName": "ownerSignature",
      "placement": {
        "page": 2,
        "x": 72,
        "y": 538,
        "width": 380,
        "height": 28
      },
      "pageRect": {
        "pageNumber": null,
        "top": 84.921875,
        "left": 168.421875,
        "width": 668.125,
        "height": 866.046875,
        "bottom": 950.96875,
        "right": 836.546875,
        "scrollTop": 84.921875,
        "index": 1
      },
      "viewport": {
        "left": 247.0248161764706,
        "top": 362.2155841503268,
        "right": 661.8736723856209,
        "bottom": 392.78339460784315,
        "centerX": 454.44924428104576,
        "centerY": 377.499489379085,
        "scale": 1.0917075163398693
      },
      "tool": {
        "kind": "signer",
        "label": "Sign here"
      }
    },
    {
      "fieldName": "ownerPrintedName",
      "placement": {
        "page": 2,
        "x": 72,
        "y": 496,
        "width": 214,
        "height": 22
      },
      "pageRect": {
        "pageNumber": null,
        "top": 84.921875,
        "left": 168.421875,
        "width": 668.125,
        "height": 866.046875,
        "bottom": 950.96875,
        "right": 836.546875,
        "scrollTop": 84.921875,
        "index": 1
      },
      "viewport": {
        "left": 247.0248161764706,
        "top": 408.0672998366013,
        "right": 480.6502246732026,
        "bottom": 432.08486519607845,
        "centerX": 363.8375204248366,
        "centerY": 420.07608251633985,
        "scale": 1.0917075163398693
      },
      "tool": {
        "kind": "signer",
        "label": "Full name"
      }
    },
    {
      "fieldName": "ownerDate",
      "placement": {
        "page": 2,
        "x": 124,
        "y": 410,
        "width": 100,
        "height": 22
      },
      "pageRect": {
        "pageNumber": null,
        "top": 84.921875,
        "left": 168.421875,
        "width": 668.125,
        "height": 866.046875,
        "bottom": 950.96875,
        "right": 836.546875,
        "scrollTop": 84.921875,
        "index": 1
      },
      "viewport": {
        "left": 303.79360702614383,
        "top": 501.9541462418301,
        "right": 412.96435866013076,
        "bottom": 525.9717116013072,
        "centerX": 358.37898284313724,
        "centerY": 513.9629289215686,
        "scale": 1.0917075163398693
      },
      "tool": {
        "kind": "signer",
        "label": "Date signed"
      }
    }
  ],
  "notes": "Adjust proofPlacement coordinates in automation/ahjs/configs/proof.config.js and rerun until fields align with page 2 execution block."
}