{
  "mode": "calibration",
  "created_at": "2026-05-31T05:06:35.203Z",
  "proofPlacement": {
    "ownerSignature": {
      "page": 2,
      "x": 72,
      "y": 538,
      "width": 380,
      "height": 28
    },
    "ownerPrintedName": {
      "page": 2,
      "x": 72,
      "y": 496,
      "width": 214,
      "height": 22
    },
    "ownerDate": {
      "page": 2,
      "x": 124,
      "y": 410,
      "width": 100,
      "height": 22
    }
  },
  "fieldTools": {
    "ownerSignature": {
      "kind": "signer",
      "label": "Sign here"
    },
    "ownerPrintedName": {
      "kind": "tools",
      "label": "Text box"
    },
    "ownerDate": {
      "kind": "signer",
      "label": "Date signed"
    }
  },
  "pdfPageSize": {
    "width": 612,
    "height": 792
  },
  "placementResults": [
    {
      "fieldName": "ownerSignature",
      "placement": {
        "page": 2,
        "x": 72,
        "y": 538,
        "width": 380,
        "height": 28
      },
      "pageRect": {
        "index": 1,
        "pageNumber": null,
        "top": 95.921875,
        "left": 168.421875,
        "width": 668.125,
        "height": 866.046875,
        "bottom": 961.96875,
        "right": 836.546875
      },
      "viewport": {
        "left": 247.0248161764706,
        "top": 373.2155841503268,
        "right": 661.8736723856209,
        "bottom": 403.78339460784315,
        "centerX": 454.44924428104576,
        "centerY": 388.499489379085,
        "scale": 1.0917075163398693
      },
      "tool": {
        "kind": "signer",
        "label": "Sign here"
      }
    },
    {
      "fieldName": "ownerPrintedName",
      "placement": {
        "page": 2,
        "x": 72,
        "y": 496,
        "width": 214,
        "height": 22
      },
      "pageRect": {
        "index": 1,
        "pageNumber": null,
        "top": 95.921875,
        "left": 168.421875,
        "width": 668.125,
        "height": 866.046875,
        "bottom": 961.96875,
        "right": 836.546875
      },
      "viewport": {
        "left": 247.0248161764706,
        "top": 419.0672998366013,
        "right": 480.6502246732026,
        "bottom": 443.08486519607845,
        "centerX": 363.8375204248366,
        "centerY": 431.07608251633985,
        "scale": 1.0917075163398693
      },
      "tool": {
        "kind": "tools",
        "label": "Text box"
      }
    },
    {
      "fieldName": "ownerDate",
      "placement": {
        "page": 2,
        "x": 124,
        "y": 410,
        "width": 100,
        "height": 22
      },
      "pageRect": {
        "index": 1,
        "pageNumber": null,
        "top": 64.921875,
        "left": 168.421875,
        "width": 668.125,
        "height": 866.046875,
        "bottom": 930.96875,
        "right": 836.546875
      },
      "viewport": {
        "left": 303.79360702614383,
        "top": 481.9541462418301,
        "right": 412.96435866013076,
        "bottom": 505.9717116013072,
        "centerX": 358.37898284313724,
        "centerY": 493.9629289215686,
        "scale": 1.0917075163398693
      },
      "tool": {
        "kind": "signer",
        "label": "Date signed"
      }
    }
  ],
  "notes": "Adjust proofPlacement coordinates in automation/ahjs/configs/proof.config.js and rerun until fields align with page 2 execution block."
}